1808,"Salt, Pepper Shakers"
1649,"Avon"
1880,"Comics"
955,"Collectibles"
834,"Decorative by Brand"
878,"North Pole"
1684,"Tupperware"
2105,"Enesco"
1270,"Bottles: Antique (Pre-1900)"
1333,"Westerns"
1047,"Ornaments"
606,"Pop Culture"
1186,"Metalware"
164,"Pop Culture"
669,"North Pole"
849,"Science Fiction"
1258,"Avon"
880,"Decorative & Holiday"
1843,"Souvenir"
1806,"Housewares & Kitchenware"
1326,"Comics"
958,"Dept 56"
42,"Decorative & Holiday"
1228,"Kitchenware"
957,"Decorative by Brand"
247,"Collectibles"
1366,"Collectibles"
649,"Comics"
462,"Silver Age (1956-69)"
2167,"Clothing & Accessories"
1901,"Series Ornaments"
1234,"Mary's Moo Moos"
1646,"Collectibles"
1841,"Kitchenware"
1822,"Decorative by Brand"
1922,"Collectibles"
1066,"Other Modern Bottles"
252,"Housewares & Kitchenware"
288,"Pop Culture"
416,"Clothing"
1342,"Series Ornaments"
1029,"Series Ornaments"
2238,"Collectibles"
418,"Tops & T-Shirts"
1800,"Collectibles"
431,"Collector Plates"
330,"Decorative by Brand"
410,"Pop Culture"
528,"Collectibles"
189,"Cookie Jars"
2080,"Collectibles"
1248,"Bronze Age (1970-79)"
942,"Housewares & Kitchenware"
1240,"Collectibles"
2249,"Enesco"
1964,"Decorative by Brand"
41,"Collectibles"
1524,"Collectibles"
1322,"Dept 56"
2146,"Decorative & Holiday"
1634,"Comics"
2203,"Collectibles"
1172,"Decorative & Holiday"
825,"Memorabilia"
27,"Dreamsicles"
868,"Other Avon Items"
2229,"Pop Culture"
324,"Decorative & Holiday"
2104,"Decorative by Brand"
2170,"Underwear, Sleepwear"
1793,"Kitchenware"
1449,"Decorative by Brand"
1079,"Decorative by Brand"
213,"Alternative, Underground"
1998,"Salt, Pepper Shakers"
408,"Ephemera"
175,"Silver Age (1956-69)"
1921,"Cartoon Character"
2317,"Decorative by Brand"
1145,"Other Antique Bottles"
693,"Ornaments"
40,"Miniature Ornaments"
1701,"Napkin Holders"
2179,"Magnets"
2096,"Other Kitchenware"
829,"Decorative by Brand"
1927,"Collectibles"
103,"Classics Illustrated"
950,"Collectibles"
1642,"Collectibles"
1494,"Other Hallmark Collectibles"
2101,"Contemporary (1970-Now)"
645,"Comics"
406,"Autographs, Paper & Writing"
1075,"Hallmark"
1362,"Collectibles"
390,"Collectibles"
848,"Pop Culture"
890,"Comics"
162,"Other Magazines"
885,"Decorative & Holiday"
331,"Dept 56"
854,"Slips"
1877,"Other Lenox Collectibles"
545,"Shirts"
1091,"Collectibles"
901,"Other Enesco Items"
1166,"Other Kinkade Collectibles"
2242,"Collectibles"
1874,"Decorative & Holiday"
502,"Comics"
1590,"Decorative & Holiday"
256,"Housewares & Kitchenware"
810,"Collectibles"
1732,"Decorative & Holiday"
541,"Graphic Novels, TPBs"
1117,"Cookie Cutters"
1900,"Hallmark"
2060,"Norman Rockwell"
763,"Decorative & Holiday"
722,"New England Village"
2168,"Men"
2084,"Collectibles"
479,"Decorative & Holiday"
1315,"Decorative & Holiday"
2289,"Tableware"
1872,"Other Non-Sports"
109,"Collectibles"
1520,"Collectibles"
251,"Collectibles"
706,"Decorative by Brand"
560,"Collector Plates"
752,"Modern (1970-Now)"
1113,"Josef"
7,"Enesco"
1523,"Medicines, Cures"
1537,"Tupperware"
670,"Collectibles"
1187,"Pewter"
2207,"Other Sci-Fi"
320,"Decorative & Holiday"
1478,"Silver Age (1956-69)"
466,"Decorative by Brand"
1578,"Other Bronze Age"
533,"Collectibles"
208,"Horror, Sci-Fi"
2022,"Modern Age (1980-Now)"
384,"Bakeware"
2208,"Collectibles"
2216,"Cigarette"
1951,"Housewares & Kitchenware"
1805,"Collectibles"
1978,"Kitchenware"
87,"Comics"
46,"Collectibles"
2313,"Hummel, Goebel"
2078,"Dept 56"
113,"Decanters"
308,"UK"
711,"Golden Age (1938-55)"
830,"Dept 56"
2280,"Bottles: Antique (Pre-1900)"
2213,"Collectibles"
1149,"Backpacks, Bags"
395,"Collectibles"
340,"Decorative by Brand"
905,"ANRI"
1086,"Collectibles"
1376,"Collectibles"
17,"Enesco"
1521,"Housewares & Kitchenware"
1884,"Decorative & Holiday"
674,"Cartoon Character"
1797,"Housewares & Kitchenware"
720,"Decorative by Brand"
2158,"Ornaments"
611,"Decorative & Holiday"
2099,"Kitchenware"
2246,"Collectibles"
1089,"Dept 56"
1235,"Collectibles"
1320,"Decorative & Holiday"
386,"Housewares & Kitchenware"
361,"Other Avon Items"
1568,"Other Bronze Age"
334,"Decorative & Holiday"
1035,"Pop Culture"
2312,"Decorative by Brand"
1069,"Decorative by Brand"
775,"Franklin Mint"
712,"Superhero"
1001,"Hummel, Goebel"
1969,"Decorative by Brand"
1346,"Enesco"
1791,"Collectibles"
806,"Collectibles"
992,"Other Lenox Collectibles"
520,"Collectibles"
138,"Housewares & Kitchenware"
48,"Barware"
1727,"Decorative & Holiday"
2304,"Jackets"
1455,"Modern Age (1980-Now)"
1603,"Decorative & Holiday"
192,"Decorative & Holiday"
1139,"Trading Cards"
382,"Housewares & Kitchenware"
2322,"Ephemera"
2220,"Kitchenware"
1688,"Decorative by Brand"
508,"Enesco"
216,"Decorative by Brand"
814,"Precious Moments"
1440,"Dept 56"
1654,"Cookware"
98,"Superhero"
238,"Collectibles"
2070,"Collectibles"
986,"Enesco"
2303,"Outerwear"
173,"Pop Culture"
2094,"Housewares & Kitchenware"
155,"Autographs, Paper & Writing"
114,"Collectibles"
688,"Ornaments"
1812,"Decorative by Brand"
50,"Collectibles"
1515,"Collectibles"
1966,"Precious Moments"
1163,"Decorative & Holiday"
736,"Pop Culture"
2214,"Advertising"
1735,"Other Enesco Items"
1656,"Collectibles"
2250,"Precious Moments"
1115,"Housewares & Kitchenware"
1443,"Decorative & Holiday"
960,"Collectibles"
1040,"Decorative & Holiday"
1204,"Corkscrews"
1932,"Collectibles"
1416,"Barware"
441,"Ornaments"
1074,"Decorative by Brand"
637,"Enesco"
1082,"Collectibles"
8,"Precious Moments"
240,"Paper"
821,"Decorative by Brand"
1230,"Collectibles"
1454,"Comics"
2095,"Kitchenware"
76,"Comics"
119,"Collectibles"
577,"Decorative by Brand"
2251,"Collectibles"
2081,"Housewares & Kitchenware"
675,"Collectibles"
1448,"Decorative & Holiday"
2008,"Salt, Pepper Shakers"
194,"Lladro"
329,"Decorative & Holiday"
1510,"Collectibles"
202,"Comics"
595,"Pop Culture"
1371,"Collectibles"
248,"Housewares & Kitchenware"
12,"Enesco"
1973,"Decorative by Brand"
2218,"Collectibles"
1988,"Enesco"
292,"Autographs, Paper & Writing"
1463,"Decorative by Brand"
1636,"Horror, Sci-Fi"
596,"Promo Glasses"
1516,"Housewares & Kitchenware"
2106,"Precious Moments"
152,"Kitchenware"
474,"Decorative & Holiday"
2032,"Franklin Mint"
1762,"Enesco"
697,"Dept 56"
2092,"Superhero"
142,"Housewares & Kitchenware"
802,"Collectibles"
2239,"Housewares & Kitchenware"
895,"Textiles"
1006,"Trivets"
679,"Precious Moments"
1509,"Collector Plates"
1406,"Kitchenware"
2236,"Enesco"
1796,"Collectibles"
1651,"Collectibles"
242,"Collectibles"
1937,"Collectibles"
1321,"Decorative by Brand"
400,"Collectibles"
1845,"Pop Culture"
430,"Bradford Exchange"
573,"Decorative by Brand"
980,"Memorabilia"
166,"Modern Age (1980-Now)"
715,"Decorative by Brand"
2241,"Chrome"
1360,"Silver Age (1956-69)"
2098,"Housewares & Kitchenware"
1798,"Kitchenware"
754,"Decorative & Holiday"
525,"Collectibles"
2075,"Collectibles"
1044,"Decorative & Holiday"
335,"Decorative by Brand"
178,"Furnishings, Knives & Tools"
2294,"Graphic Novels, TPBs"
1789,"Barware"
2061,"Collector Plates"
31,"Dreamsicles"
863,"Other Franklin Mint Items"
1505,"Collectibles"
696,"Decorative by Brand"
1683,"Kitchenware"
865,"Decorative & Holiday"
2021,"Comics"
2013,"Salt, Pepper Shakers"
641,"Kitchenware"
1345,"Decorative by Brand"
1815,"Collectibles"
349,"Decorative by Brand"
264,"Collectibles"
2202,"Superhero"
996,"Enesco"
1488,"Silver Age (1956-69)"
305,"Pop Culture"
911,"Boys"
1260,"Collectibles"
740,"Decorative & Holiday"
1587,"Dept 56"
1468,"Decorative by Brand"
270,"Housewares & Kitchenware"
1077,"Collectibles"
206,"Comics"
2252,"Decorative & Holiday"
587,"Textiles"
1144,"Bottles: Antique (Pre-1900)"
1807,"Kitchenware"
1542,"Hallmark"
1983,"Enesco"
1682,"Housewares & Kitchenware"
1296,"Decorative & Holiday"
1332,"Silver Age (1956-69)"
2188,"Collectibles"
2195,"Comics"
222,"American"
55,"Collectibles"
1244,"Superhero"
510,"Collectibles"
553,"Housewares & Kitchenware"
59,"Collectibles"
1210,"Other Jackets"
616,"Decorative & Holiday"
123,"Collectibles"
976,"Decorative by Brand"
60,"Decorative & Holiday"
1766,"Paper"
1381,"Collectibles"
1751,"Decorative & Holiday"
1632,"Collectibles"
2062,"Collectibles"
253,"Kitchenware"
1829,"Superhero"
1511,"Housewares & Kitchenware"
1941,"Collectibles"
936,"Collectibles"
2175,"Longaberger"
968,"Superhero"
2243,"Housewares & Kitchenware"
1868,"Short Sleeve"
183,"Decorative & Holiday"
651,"Cartoon Character"
66,"Comics"
1121,"Enesco"
372,"Collectibles"
2134,"Bottles: Antique (Pre-1900)"
488,"Decorative by Brand"
689,"Collectibles"
1433,"Decorative & Holiday"
1484,"Series Ornaments"
1464,"Dept 56"
218,"Other Dept 56 Items"
2001,"Decorative & Holiday"
211,"Comics"
1174,"Dreamsicles"
953,"Hallmark"
1820,"Collectibles"
1052,"Horror, Sci-Fi"
2193,"Collectibles"
1854,"Decorative & Holiday"
527,"Shaving"
684,"Collectibles"
61,"Decorative by Brand"
1704,"Decorative by Brand"
744,"Decorative & Holiday"
379,"Enesco"
345,"Decorative by Brand"
426,"Flambro"
1767,"Ephemera"
515,"Collectibles"
115,"Housewares & Kitchenware"
1599,"Historical Memorabilia"
128,"Collectibles"
269,"Collectibles"
1425,"Hallmark"
691,"Decorative by Brand"
1367,"Housewares & Kitchenware"
1583,"Other Shakers"
1209,"Jackets"
1255,"Collectibles"
2256,"Decorative & Holiday"
1094,"Dept 56"
143,"Kitchenware"
1435,"Longaberger"
568,"Decorative by Brand"
971,"Decorative by Brand"
2223,"Collectibles"
823,"Collector Plates"
1136,"HOMCO"
1072,"Collectibles"
2200,"Comics"
1261,"Housewares & Kitchenware"
1008,"Pop Culture"
257,"Kitchenware"
1945,"Collectibles"
1249,"Superhero"
2066,"Collectibles"
1915,"Hallmark"
1438,"Decorative & Holiday"
1608,"Decorative & Holiday"
2244,"Bottles: Modern (1900-Now)"
1588,"Dickens Village"
263,"Superhero"
317,"Dept 56"
870,"Decorative & Holiday"
627,"Enesco"
360,"Avon"
932,"Collectibles"
827,"Collectibles"
1627,"Collectibles"
171,"ANRI"
709,"Pop Culture"
181,"Shelf"
376,"Collectibles"
2237,"Precious Moments"
2077,"Decorative by Brand"
945,"Collectibles"
1536,"Kitchenware"
563,"Decorative by Brand"
487,"Decorative & Holiday"
559,"Bradford Exchange"
133,"Collectibles"
819,"Collectibles"
1054,"Decorative & Holiday"
1553,"Decanters"
1289,"Bradford Exchange"
2169,"Clothing: Regular"
1936,"Precious Moments"
1637,"Collectibles"
1674,"Hummel, Goebel"
453,"Silver Age (1956-69)"
1746,"Decorative & Holiday"
1562,"Cookie Jars"
1503,"Enesco"
2057,"Collectibles"
1832,"Decorative by Brand"
64,"Collectibles"
148,"Avon"
698,"Heritage Village"
383,"Kitchenware"
1122,"Precious Moments"
2124,"HOMCO"
1991,"Decorative & Holiday"
1610,"Enesco"
2122,"Decorative & Holiday"
791,"Ornaments"
315,"Decorative & Holiday"
809,"Bing & Grondahl Coll Plates"
505,"Collectibles"
2285,"Modern Age (1980-Now)"
120,"Housewares & Kitchenware"
1250,"Collectibles"
497,"Comics"
1974,"Enesco"
875,"Decorative & Holiday"
699,"Collectibles"
1301,"Decorative & Holiday"
581,"Pop Culture"
1180,"Decorative & Holiday"
1152,"Barware"
2300,"Clothing & Accessories"
1055,"Decorative by Brand"
1984,"Precious Moments"
480,"Decorative by Brand"
1817,"Kitchenware"
2055,"Barware"
1675,"Figurines"
1803,"Dept 56"
1597,"Aluminum"
35,"Ephemera"
997,"Precious Moments"
255,"Collectibles"
1950,"Collectibles"
625,"Decorative & Holiday"
179,"Clocks"
245,"Enesco"
985,"Decorative by Brand"
1281,"Snow Village"
2228,"Collectibles"
1090,"Other Dept 56 Items"
1126,"Golden Age (1938-55)"
701,"Decorative by Brand"
844,"Decorative by Brand"
70,"Decorative & Holiday"
1500,"Collectibles"
1067,"Collectibles"
1099,"Hallmark"
1331,"Comics"
1575,"Pop Culture"
381,"Collectibles"
1390,"Collectibles"
1059,"Decorative & Holiday"
2186,"Metalware"
2113,"Housewares & Kitchenware"
941,"Collectibles"
1377,"Housewares & Kitchenware"
1894,"Comics"
1863,"Clothing & Accessories"
630,"Decorative & Holiday"
137,"Collectibles"
1340,"Decorative by Brand"
1498,"Enesco"
491,"Decorative & Holiday"
387,"Kitchenware"
1033,"Ephemera"
815,"Collectibles"
69,"Collectibles"
839,"Decorative by Brand"
354,"Decorative by Brand"
554,"Metalware"
285,"Avon"
908,"Barware"
301,"Pop Culture"
2190,"Comics"
1776,"Other Dept 56 Items"
1741,"Decorative & Holiday"
1614,"Comics"
1757,"Bottles: Modern (1900-Now)"
1013,"Pop Culture"
1695,"Housewares & Kitchenware"
2016,"Men"
913,"Boys (Sz 8 and up)"
1952,"Kitchenware"
1810,"Collectibles"
417,"Boys (Sz 8 and up)"
1076,"Ornaments"
71,"Decorative by Brand"
1138,"Pop Culture"
1417,"Other Barware"
1116,"Kitchenware"
159,"Pop Culture"
1836,"Decorative by Brand"
153,"Other Kitchenware"
867,"Avon"
1816,"Housewares & Kitchenware"
2265,"Decorative & Holiday"
694,"Collectibles"
1140,"Science Fiction"
1190,"Comics"
1660,"Superhero"
853,"Intimates"
1691,"Housewares & Kitchenware"
1312,"Barware"
737,"Magic"
310,"Decorative & Holiday"
326,"Dept 56"
2233,"Collectibles"
1954,"Collectibles"
259,"Collectibles"
1495,"Collectibles"
1050,"Comics"
1063,"Collectibles"
1386,"Collectibles"
1615,"Modern Age (1980-Now)"
1060,"Decorative by Brand"
1245,"Collectibles"
385,"Collectibles"
475,"Decorative by Brand"
558,"Decorative by Brand"
532,"Superhero"
1306,"Decorative & Holiday"
2198,"Collectibles"
537,"Other Magazines"
1618,"Advertising"
1703,"Decorative & Holiday"
2054,"Housewares & Kitchenware"
790,"Hallmark"
1407,"Salt, Pepper Shakers"
771,"Dickens Village"
561,"Collectibles"
2072,"Comics"
1965,"Enesco"
687,"Hallmark"
677,"Decorative by Brand"
1344,"Decorative & Holiday"
567,"Decorative & Holiday"
1560,"Housewares & Kitchenware"
374,"Bottles: Modern (1900-Now)"
1892,"Collectibles"
74,"Collectibles"
1986,"Decorative & Holiday"
1648,"Decorative by Brand"
804,"Decorative by Brand"
1237,"Decorative by Brand"
1768,"Collectibles"
278,"Collectibles"
1335,"Animals"
514,"Snowbabies"
1681,"Collectibles"
75,"Pop Culture"
2262,"Kitchenware"
1813,"Hallmark"
404,"Precious Moments"
1084,"Textiles"
2269,"Collectibles"
1999,"Other Shakers"
327,"Snow Village"
1482,"Decorative by Brand"
570,"Alpine Village"
1112,"Decorative by Brand"
724,"Decorative & Holiday"
358,"Decorative & Holiday"
1848,"Superhero"
931,"Ephemera"
948,"Enesco"
2049,"Collectibles"
2126,"Memorabilia"
682,"Theater"
1749,"Snowbabies"
1577,"Bronze Age (1970-79)"
393,"Enesco"
1400,"Collectibles"
2068,"Decorative by Brand"
1711,"Choppers"
2172,"Collectibles"
489,"Christopher Radko"
282,"Collectibles"
857,"Metalware"
454,"Horror, Sci-Fi"
907,"Housewares & Kitchenware"
371,"Superhero"
1790,"Decanters"
1512,"Kitchenware"
2224,"Furnishings, Knives & Tools"
2194,"Pop Culture"
2133,"Housewares & Kitchenware"
639,"Collectibles"
126,"Franklin Mint"
81,"Photographic Images"
1277,"Collectibles"
1359,"Comics"
1786,"Modern (1970-Now)"
650,"Modern Age (1980-Now)"
419,"Collectibles"
1375,"Series Ornaments"
2115,"Pourers, Stoppers"
2071,"Pop Culture"
141,"Collectibles"
443,"Autographs, Paper & Writing"
1554,"Collectibles"
234,"Decorative & Holiday"
88,"Golden Age (1938-55)"
920,"Collectibles"
2234,"Decorative & Holiday"
108,"Range Sets"
1504,"Precious Moments"
1262,"Kitchenware"
1645,"Charming Tails"
795,"Dept 56"
359,"Decorative by Brand"
1477,"Comics"
1676,"Collectibles"
777,"Collectibles"
2012,"Kitchenware"
1415,"Housewares & Kitchenware"
915,"Collectibles"
1068,"Decorative & Holiday"
229,"Decorative & Holiday"
2117,"Decorative & Holiday"
919,"Series Ornaments"
566,"Collectibles"
407,"Paper"
132,"Miniature Ornaments"
678,"Enesco"
447,"Decorative & Holiday"
1862,"Range Sets"
1842,"Salt, Pepper Shakers"
353,"Decorative & Holiday"
1233,"Enesco"
549,"Decorative by Brand"
398,"Enesco"
799,"Decorative by Brand"
1886,"Christopher Radko"
2273,"Collectibles"
79,"Collectibles"
1934,"Decorative by Brand"
1298,"Avon"
1981,"Decorative & Holiday"
223,"Buick"
1772,"Collectibles"
44,"Avon"
2211,"Hallmark"
1555,"Housewares & Kitchenware"
1200,"Other Kitchenware"
2053,"Collectibles"
728,"Decorative & Holiday"
658,"Housewares & Kitchenware"
634,"Collectibles"
271,"Kitchenware"
760,"Firefighting"
1182,"Hallmark"
2199,"Pop Culture"
201,"Pop Culture"
1867,"Casual"
2261,"Housewares & Kitchenware"
816,"Autographs, Paper & Writing"
1364,"Decorative by Brand"
599,"Textiles"
1395,"Collectibles"
2137,"Housewares & Kitchenware"
503,"Modern Age (1980-Now)"
423,"Collectibles"
111,"Decorative by Brand"
207,"Silver Age (1956-69)"
145,"Collectibles"
1058,"Collectibles"
2140,"Modern (1970-Now)"
927,"Platinum Age (1897-1937)"
2177,"Collectibles"
572,"Decorative & Holiday"
1272,"Collectibles"
1374,"Hallmark"
1349,"Decorative & Holiday"
451,"Pop Culture"
1085,"Lace, Crochet, Doilies"
1147,"Men"
2210,"Decorative by Brand"
730,"Armani"
668,"Dept 56"
68,"Alternative, Underground"
1267,"HOMCO"
1385,"Collector Plates"
1570,"Decorative & Holiday"
1549,"Collectibles"
813,"Enesco"
794,"Decorative by Brand"
1153,"Shot Glasses"
2278,"Collectibles"
1350,"Decorative by Brand"
2028,"Cherished Teddies"
1939,"Decorative by Brand"
1759,"Collectibles"
576,"Decorative & Holiday"
928,"Collectibles"
608,"Golden Age (1938-55)"
1655,"Other Cookware"
826,"Golf-Other"
2009,"Other Shakers"
759,"Historical Memorabilia"
2007,"Kitchenware"
1690,"Collectibles"
686,"Decorative by Brand"
125,"Decorative by Brand"
772,"Collectibles"
1361,"Superhero"
1073,"Decorative & Holiday"
1428,"Housewares & Kitchenware"
364,"Textiles"
1533,"Other Bronze Age"
2215,"Tobacciana"
1378,"Kitchenware"
2204,"Pop Culture"
929,"Autographs, Paper & Writing"
484,"Comics"
934,"Decorative by Brand"
1053,"Collectibles"
2180,"Collectibles"
786,"Snowbabies"
963,"Full Runs"
1409,"Collectibles"
205,"Pop Culture"
2187,"Pewter"
2320,"Autographs, Paper & Writing"
1724,"Salt, Pepper Shakers"
2139,"Cookie Jars"
241,"Ephemera"
273,"Collectibles"
607,"Comics"
1103,"Decorative by Brand"
1582,"Salt, Pepper Shakers"
1686,"Collectibles"
427,"Collectibles"
1906,"Figurines"
1268,"Collectibles"
276,"Modern Age (1980-Now)"
552,"Collectibles"
2039,"Collectibles"
2103,"Decorative & Holiday"
1897,"Collectibles"
65,"Pop Culture"
1492,"Decorative by Brand"
981,"Theater"
1850,"Decorative & Holiday"
647,"Collectibles"
1046,"Hallmark"
1725,"Range Sets"
1242,"Comics"
150,"Collectibles"
492,"Decorative by Brand"
683,"Posters"
1370,"Modern (1970-Now)"
399,"Precious Moments"
420,"Housewares & Kitchenware"
1972,"Decorative & Holiday"
2108,"Decorative & Holiday"
1567,"Bronze Age (1970-79)"
2042,"Utensils"
619,"Miniature Ornaments"
2282,"Collectibles"
1943,"Decorative by Brand"
438,"Decorative & Holiday"
1624,"Kitchenware"
924,"Collectibles"
232,"Ornaments"
1189,"Pop Culture"
3,"Christopher Radko"
1269,"Housewares & Kitchenware"
1910,"Modern Age (1980-Now)"
1544,"Collectibles"
121,"Kitchenware"
1764,"Collectibles"
822,"Bradford Exchange"
991,"Lenox"
1846,"Comics"
210,"Pop Culture"
1487,"Comics"
1238,"Lladro"
2184,"Collectibles"
1107,"Decorative by Brand"
2064,"Decorative by Brand"
767,"Collectibles"
432,"Collectibles"
1497,"Decorative by Brand"
498,"Silver Age (1956-69)"
1481,"Decorative & Holiday"
1048,"Collectibles"
1517,"Kitchenware"
1143,"Housewares & Kitchenware"
1431,"Tablecloths"
909,"Shot Glasses"
1902,"Collectibles"
2270,"Housewares & Kitchenware"
860,"Decorative & Holiday"
719,"Decorative & Holiday"
1565,"Pop Culture"
1847,"Bronze Age (1970-79)"
220,"Advertising"
1404,"Collectibles"
789,"Decorative by Brand"
227,"Cookie Cutters"
85,"Collectibles"
217,"Dept 56"
1264,"Collectibles"
643,"Collectibles"
1489,"Superhero"
1833,"HOMCO"
1429,"Textiles"
526,"Housewares & Kitchenware"
1018,"Barware"
2247,"Decorative & Holiday"
556,"Collectibles"
1323,"Snow Village"
2044,"Collectibles"
154,"Collectibles"
2129,"Housewares & Kitchenware"
350,"Swarovski"
831,"Snow Village"
244,"Decorative by Brand"
215,"Decorative & Holiday"
2154,"Collectibles"
415,"Boys"
664,"Hats"
939,"Dept 56"
2069,"Hamilton Collector Plates"
1907,"Collectibles"
1881,"Modern Age (1980-Now)"
1043,"Collectibles"
902,"Collectibles"
891,"Magazines"
1837,"Avon"
1291,"Collectibles"
797,"Collectibles"
2029,"Collectibles"
1860,"Kitchenware"
2074,"Alternative, Underground"
1864,"Men"
2090,"Comics"
657,"Collectibles"
295,"Collectibles"
1414,"Collectibles"
1467,"Decorative & Holiday"
1222,"Decorative & Holiday"
2138,"Kitchenware"
833,"Decorative & Holiday"
1653,"Kitchenware"
2230,"Comics"
583,"Golden Age (1938-55)"
2089,"Pop Culture"
1146,"Clothing & Accessories"
1914,"Decorative by Brand"
116,"Kitchenware"
622,"Textiles"
1685,"Contemporary (1970-Now)"
339,"Decorative & Holiday"
1968,"Decorative & Holiday"
460,"Pop Culture"
422,"Curtains, Draperies"
458,"Duncan Royale"
592,"Hummel, Goebel"
405,"Collectibles"
370,"Silver Age (1956-69)"
158,"Collectibles"
493,"Dept 56"
249,"Barware"
307,"International"
1997,"Kitchenware"
2014,"Other Shakers"
1325,"Pop Culture"
299,"Precious Moments"
90,"Collectibles"
1405,"Housewares & Kitchenware"
2227,"Shelf"
1635,"Modern Age (1980-Now)"
961,"Pop Culture"
1957,"Golden Age (1938-55)"
1782,"Collectibles"
509,"Precious Moments"
522,"Decorative by Brand"
1263,"Egg Cups"
1104,"HOMCO"
1078,"Decorative & Holiday"
2255,"Collectibles"
604,"Other Kitchenware"
1292,"Autographs, Paper & Writing"
1539,"Collectibles"
2082,"Barware"
680,"Movies & Television"
1955,"Pop Culture"
1218,"Decorative by Brand"
1528,"Other Bronze Age"
1677,"Pop Culture"
1975,"Other Enesco Items"
1788,"Housewares & Kitchenware"
13,"Precious Moments"
2205,"Trading Cards"
84,"Other"
2059,"Decorative by Brand"
1502,"Decorative by Brand"
792,"Collectibles"
409,"Collectibles"
838,"Decorative & Holiday"
1792,"Housewares & Kitchenware"
1039,"Collectibles"
1276,"Precious Moments"
2040,"Housewares & Kitchenware"
918,"Hallmark"
2232,"Horror, Sci-Fi"
780,"Dept 56"
1961,"Irons"
452,"Comics"
1661,"Collectibles"
380,"Cherished Teddies"
817,"Paper"
921,"Housewares & Kitchenware"
1286,"Collectibles"
1912,"Collectibles"
1715,"David Winter"
300,"Collectibles"
1670,"War"
2034,"Collectibles"
1953,"Other Kitchenware"
714,"Decorative & Holiday"
1640,"Fitz & Floyd"
652,"Collectibles"
640,"Housewares & Kitchenware"
517,"Decorative by Brand"
2279,"Housewares & Kitchenware"
94,"Collectibles"
1963,"Decorative & Holiday"
1821,"Decorative & Holiday"
1098,"Decorative by Brand"
1861,"Salt, Pepper Shakers"
281,"Harmony Kingdom"
1534,"Collectibles"
1787,"Collectibles"
1368,"Kitchenware"
1100,"Ornaments"
1652,"Housewares & Kitchenware"
413,"Other Silver Age"
1626,"Modern (1970-Now)"
378,"Decorative by Brand"
1223,"Decorative by Brand"
1151,"Housewares & Kitchenware"
2111,"Ornaments"
805,"Charming Tails"
845,"Enesco"
2226,"Antique (Pre-1930)"
590,"Decorative & Holiday"
1183,"Series Ornaments"
1994,"Dickens Village"
465,"Decorative & Holiday"
2159,"Collectibles"
101,"Comics"
2259,"Series Ornaments"
1061,"Dept 56"
235,"Decorative by Brand"
547,"Collectibles"
938,"Decorative by Brand"
543,"Men"
1717,"Decorative & Holiday"
1271,"Fruit Jars"
512,"Decorative by Brand"
1507,"Decorative by Brand"
1689,"Lefton Figurines"
538,"Collectibles"
287,"Collectibles"
348,"Decorative & Holiday"
369,"Comics"
2046,"Decorative by Brand"
1673,"Decorative by Brand"
346,"Duncan Royale"
2314,"Bells"
1088,"Decorative by Brand"
1393,"Hallmark"
1535,"Housewares & Kitchenware"
1422,"Collectibles"
1176,"Pop Culture"
1303,"Avon"
700,"Decorative & Holiday"
1388,"Paper"
2152,"Silver Age (1956-69)"
139,"Barware"
812,"Decorative by Brand"
2260,"Collectibles"
1667,"Pop Culture"
1784,"Kitchenware"
1576,"Comics"
1917,"Collectibles"
910,"Clothing & Accessories"
665,"Collectibles"
1034,"Collectibles"
1826,"Pop Culture"
99,"Collectibles"
403,"Enesco"
1080,"Enesco"
163,"Collectibles"
952,"Decorative by Brand"
1282,"Collectibles"
1005,"Kitchenware"
801,"Precious Moments"
1819,"Contemporary (1970-Now)"
1697,"Milk"
1671,"Collectibles"
726,"Armani"
987,"Other Enesco Items"
341,"Norman Rockwell"
1804,"Snow Village"
972,"Enesco"
1087,"Decorative & Holiday"
1127,"Romance"
151,"Housewares & Kitchenware"
2018,"Other Items"
1713,"Decorative & Holiday"
846,"Other Enesco Items"
1720,"Other Enesco Items"
1835,"Decorative & Holiday"
106,"Kitchenware"
470,"Pop Culture"
2024,"Collectibles"
2163,"Collectibles"
2142,"Housewares & Kitchenware"
1946,"Pop Culture"
787,"Collectibles"
1049,"Pop Culture"
291,"Collectibles"
344,"Decorative & Holiday"
1783,"Housewares & Kitchenware"
456,"Decorative & Holiday"
692,"Hallmark"
2004,"Dickens Village"
906,"Collectibles"
705,"Decorative & Holiday"
190,"Modern (1970-Now)"
230,"Decorative by Brand"
1384,"Bradford Exchange"
808,"Decorative by Brand"
507,"Decorative by Brand"
2264,"Collectibles"
1775,"Dept 56"
96,"Comics"
336,"Avon"
168,"Collectibles"
2318,"Dreamsicles"
1418,"Collectibles"
947,"Decorative by Brand"
982,"Souvenir Programs"
104,"Collectibles"
818,"Ephemera"
1217,"Decorative & Holiday"
1508,"Bradford Exchange"
1030,"Collectibles"
1351,"Dept 56"
1462,"Decorative & Holiday"
2288,"Housewares & Kitchenware"
499,"Superhero"
2235,"Decorative by Brand"
461,"Comics"
1339,"Decorative & Holiday"
661,"Clothing & Accessories"
1010,"Modern Age (1980-Now)"
1156,"Firefighting"
1828,"Bronze Age (1970-79)"
1232,"Decorative by Brand"
1529,"Collectibles"
2085,"Pop Culture"
1093,"Decorative by Brand"
1373,"Decorative by Brand"
1309,"Baskets"
2015,"Clothing & Accessories"
781,"New England Village"
965,"Pop Culture"
1924,"Decorative by Brand"
1092,"Decorative & Holiday"
1802,"Decorative by Brand"
2143,"Kitchenware"
667,"Decorative by Brand"
1399,"Alternative, Underground"
1585,"Decorative & Holiday"
782,"Collectibles"
655,"Enesco"
23,"Precious Moments"
1389,"Ephemera"
1552,"Avon"
1453,"Pop Culture"
318,"Alpine Village"
1777,"Collectibles"
1666,"Collectibles"
389,"Modern (1970-Now)"
1831,"Decorative & Holiday"
51,"Pop Culture"
1330,"Pop Culture"
843,"Decorative & Holiday"
1196,"Cookie Cutters"
785,"Dept 56"
824,"Sports"
523,"Bradford Exchange"
1283,"Housewares & Kitchenware"
548,"Decorative & Holiday"
1452,"Collectibles"
319,"Collectibles"
774,"Decorative by Brand"
177,"Collectibles"
1016,"Collectibles"
710,"Comics"
733,"Bottles: Antique (Pre-1900)"
874,"Collectibles"
659,"Tableware"
2109,"Decorative by Brand"
1011,"Superhero"
1736,"Collectibles"
584,"Superhero"
951,"Decorative & Holiday"
197,"Housewares & Kitchenware"
261,"Comics"
1458,"Housewares & Kitchenware"
751,"Cookie Jars"
449,"Christopher Radko"
83,"Celebrity"
2301,"Men"
1899,"Decorative by Brand"
1347,"Cherished Teddies"
1398,"Modern Age (1980-Now)"
402,"Decorative by Brand"
226,"Kitchenware"
1761,"Decorative by Brand"
2038,"Precious Moments"
2019,"Collectibles"
1391,"Decorative & Holiday"
597,"Collectibles"
1916,"Miniature Ornaments"
2141,"Collectibles"
534,"Pop Culture"
2245,"Milk"
796,"Snow Village"
459,"Collectibles"
1476,"Pop Culture"
57,"Bottles: Antique (Pre-1900)"
1004,"Housewares & Kitchenware"
2003,"Dept 56"
1470,"Precious Moments"
850,"Star Wars"
1154,"Collectibles"
735,"Collectibles"
2209,"Decorative & Holiday"
1295,"Collectibles"
518,"Royal Doulton"
440,"Swarovski"
757,"Ornaments"
1022,"Decorative by Brand"
2253,"Decorative by Brand"
1532,"Bronze Age (1970-79)"
1592,"Charming Tails"
1723,"Kitchenware"
2306,"Collectibles"
49,"Other Barware"
970,"Decorative & Holiday"
1171,"Collectibles"
63,"Precious Moments"
72,"Enesco"
1911,"Alternative, Underground"
899,"Decorative by Brand"
127,"Other Franklin Mint Items"
1024,"Alpine Village"
1274,"Decorative by Brand"
828,"Decorative & Holiday"
2272,"Flatware"
414,"Clothing & Accessories"
1355,"Kitchenware"
946,"Decorative & Holiday"
1412,"Enesco"
2144,"Serving Trays"
835,"Avon"
140,"Ice Buckets"
1229,"Other Kitchenware"
1672,"Decorative & Holiday"
97,"Silver Age (1956-69)"
1579,"Collectibles"
391,"Decorative & Holiday"
2240,"Metalware"
779,"Decorative by Brand"
2119,"Longaberger"
1547,"Swarovski"
16,"Decorative by Brand"
314,"Collectibles"
2036,"Decorative by Brand"
1300,"Collectibles"
1009,"Comics"
1299,"Other Avon Items"
654,"Decorative by Brand"
2222,"Aluminum"
1020,"Collectibles"
1141,"Other Sci-Fi"
1818,"Tupperware"
666,"Decorative & Holiday"
1158,"Collectibles"
268,"Paintings"
2100,"Tupperware"
1106,"Decorative & Holiday"
2257,"Decorative by Brand"
92,"Kitchenware"
100,"Pop Culture"
1027,"Decorative by Brand"
455,"Collectibles"
2136,"Collectibles"
1737,"Housewares & Kitchenware"
1408,"Other Shakers"
2087,"Vintage Metal"
739,"Collectibles"
1328,"Superhero"
594,"Collectibles"
2153,"Superhero"
1852,"Knowles Collector Plates"
1175,"Collectibles"
1858,"Collectibles"
539,"Pop Culture"
1457,"Collectibles"
2086,"Lunchboxes, Thermoses"
2171,"Robes, Sleepwear"
1225,"Other Lladro Collectibles"
172,"Collectibles"
1392,"Decorative by Brand"
444,"Paper"
110,"Decorative & Holiday"
463,"Superhero"
879,"Collectibles"
1811,"Decorative & Holiday"
962,"Comics"
734,"Other Antique Bottles"
186,"Collectibles"
1382,"Decorative & Holiday"
1869,"Collectibles"
1664,"Bronze Age (1970-79)"
2031,"Decorative by Brand"
1025,"Collectibles"
1483,"Hallmark"
1279,"Decorative by Brand"
1341,"Hallmark"
1275,"Enesco"
2118,"Decorative by Brand"
1207,"Clothing: Regular"
21,"Decorative by Brand"
1566,"Comics"
1247,"Comics"
1514,"Measuring Cups, Spoons"
638,"Precious Moments"
975,"Decorative & Holiday"
1071,"Other Avon Items"
747,"Precious Moments"
1436,"Other Longaberger Items"
1584,"Collectibles"
589,"Collectibles"
542,"Clothing & Accessories"
396,"Decorative & Holiday"
1456,"Movie, TV"
309,"Collectibles"
58,"Medicines, Cures"
1305,"Collectibles"
529,"Pop Culture"
1938,"Decorative & Holiday"
464,"Collectibles"
1168,"Housewares & Kitchenware"
1031,"Autographs, Paper & Writing"
351,"Figurines"
2125,"Movies & Television"
2225,"Clocks"
2091,"Modern Age (1980-Now)"
1752,"Decorative by Brand"
770,"Dept 56"
555,"Chrome"
1465,"Heritage Village"
298,"Enesco"
2315,"Collectibles"
578,"Enesco"
2010,"Collectibles"
872,"Danbury Mint"
743,"Collectibles"
195,"Figurines"
266,"Comics"
1102,"Decorative & Holiday"
1162,"Collectibles"
1890,"Dept 56"
2149,"Collectibles"
2290,"Pitchers"
877,"Dept 56"
820,"Decorative & Holiday"
147,"Decorative by Brand"
2164,"Housewares & Kitchenware"
1220,"Other Lladro Collectibles"
1253,"Modern Age (1980-Now)"
102,"Silver Age (1956-69)"
1731,"Collectibles"
2076,"Decorative & Holiday"
1290,"Collector Plates"
702,"Enesco"
1558,"Other Cookware"
1662,"Pop Culture"
1958,"Crime"
1256,"Decorative & Holiday"
707,"Lefton Figurines"
392,"Decorative by Brand"
1979,"Canisters"
1169,"Kitchenware"
1065,"Bottles: Modern (1900-Now)"
2258,"Hallmark"
1935,"Enesco"
1904,"Decorative by Brand"
73,"Mary's Moo Moos"
954,"Series Ornaments"
313,"Dickens Village"
882,"Dept 56"
663,"Accessories"
1882,"Superhero"
1310,"Collectibles"
1447,"Collectibles"
1947,"Comics"
1135,"Decorative by Brand"
2051,"Trading Cards"
676,"Decorative & Holiday"
585,"Collectibles"
1318,"Precious Moments"
1023,"Dept 56"
2123,"Decorative by Brand"
182,"Collectibles"
869,"Collectibles"
1070,"Avon"
2135,"Fruit Jars"
1763,"Precious Moments"
582,"Comics"
1942,"Decorative & Holiday"
1540,"Decorative & Holiday"
632,"Dept 56"
1178,"Graphic Novels, TPBs"
1252,"Comics"
1595,"Kitchenware"
1519,"Other Shakers"
1589,"Collectibles"
671,"Pop Culture"
1383,"Decorative by Brand"
1726,"Collectibles"
304,"Collectibles"
784,"Decorative by Brand"
397,"Decorative by Brand"
2005,"Collectibles"
388,"Cookie Jars"
1696,"Bottles: Modern (1900-Now)"
2145,"Collectibles"
1657,"Pop Culture"
956,"Decorative & Holiday"
1747,"Decorative by Brand"
1150,"Collectibles"
303,"Full Runs"
2041,"Kitchenware"
1908,"Pop Culture"
337,"Bells"
45,"Other Avon Items"
2308,"Bottles: Modern (1900-Now)"
2248,"Decorative by Brand"
1097,"Decorative & Holiday"
1017,"Housewares & Kitchenware"
1543,"Series Ornaments"
246,"Pretty as a Picture"
2160,"Housewares & Kitchenware"
1606,"Precious Moments"
2197,"Other Bronze Age"
912,"Clothing"
2011,"Housewares & Kitchenware"
26,"Decorative by Brand"
2310,"Collectibles"
1948,"Bronze Age (1970-79)"
1167,"Collectibles"
748,"Collectibles"
1743,"Hummel, Goebel"
776,"Figurines"
644,"Pop Culture"
2052,"Other Non-Sports"
2266,"Decorative by Brand"
894,"Housewares & Kitchenware"
368,"Pop Culture"
1856,"Hallmark"
1738,"Kitchenware"
2291,"Collectibles"
984,"Decorative & Holiday"
1559,"Collectibles"
2182,"Trading Cards"
332,"North Pole"
2006,"Housewares & Kitchenware"
1918,"Pop Culture"
39,"Hallmark"
811,"Decorative & Holiday"
580,"Collectibles"
56,"Housewares & Kitchenware"
1314,"Collectibles"
1625,"Cookie Jars"
623,"Quilts"
2065,"Josef"
973,"Pretty as a Picture"
2212,"Ornaments"
1212,"Pop Culture"
1895,"Silver Age (1956-69)"
614,"Precious Moments"
77,"Silver Age (1956-69)"
2000,"Collectibles"
631,"Decorative by Brand"
2162,"Other Barware"
1372,"Decorative & Holiday"
1231,"Decorative & Holiday"
1421,"Reenactment, Repro"
198,"Bottles: Antique (Pre-1900)"
504,"Movie, TV"
1970,"Duncan Royale"
442,"Collectibles"
86,"Pop Culture"
275,"Comics"
1437,"Collectibles"
1188,"Collectibles"
2026,"Decorative by Brand"
925,"Pop Culture"
1062,"Snow Village"
1878,"Collectibles"
937,"Decorative & Holiday"
185,"Christopher Radko"
1799,"Cookie Cutters"
893,"Collectibles"
1257,"Decorative by Brand"
1678,"Comics"
1219,"Lladro"
1028,"Hallmark"
935,"Dreamsicles"
1778,"Pop Culture"
1755,"Collectibles"
755,"Decorative by Brand"
2067,"Decorative & Holiday"
562,"Decorative & Holiday"
333,"Collectibles"
1885,"Decorative by Brand"
2192,"Other Bronze Age"
355,"Bradford Exchange"
2043,"Measuring Cups, Spoons"
436,"Dickens Village"
1137,"Collectibles"
998,"Collectibles"
1194,"Housewares & Kitchenware"
1756,"Housewares & Kitchenware"
124,"Decorative & Holiday"
1119,"Decorative & Holiday"
648,"Pop Culture"
1451,"Pretty as a Picture"
917,"Decorative by Brand"
1564,"Collectibles"
1687,"Decorative & Holiday"
1003,"Collectibles"
621,"Housewares & Kitchenware"
1358,"Pop Culture"
191,"Collectibles"
1051,"Golden Age (1938-55)"
1294,"Ephemera"
2287,"Collectibles"
1411,"Decorative by Brand"
662,"Men"
1730,"Pretty as a Picture"
858,"Brass"
753,"Collectibles"
738,"Other Magic Items"
1,"Decorative & Holiday"
1193,"Collectibles"
2157,"Avon"
1472,"Autographs, Paper & Writing"
807,"Decorative & Holiday"
930,"Paper"
2110,"Hallmark"
685,"Decorative & Holiday"
1873,"Collectibles"
1774,"Decorative by Brand"
1933,"Decorative & Holiday"
1956,"Comics"
1041,"Decorative by Brand"
2307,"Housewares & Kitchenware"
1753,"Longaberger"
437,"Collectibles"
1109,"Other Limoges Collectibles"
2185,"Housewares & Kitchenware"
2130,"Metalware"
328,"Collectibles"
2166,"Other Barware"
2114,"Barware"
1397,"Comics"
1679,"Silver Age (1956-69)"
1426,"Series Ornaments"
1142,"Collectibles"
2189,"Pop Culture"
411,"Comics"
1630,"Science Fiction"
933,"Decorative & Holiday"
2121,"Collectibles"
2,"Decorative by Brand"
2063,"Decorative & Holiday"
280,"Decorative by Brand"
897,"Collectibles"
636,"Decorative by Brand"
1337,"Beagle"
1750,"Collectibles"
1545,"Decorative & Holiday"
1157,"Shirts"
1596,"Cookware"
494,"New England Village"
1213,"Trading Cards"
1336,"Dog"
1442,"Collectibles"
1130,"Decorative by Brand"
766,"Precious Moments"
1198,"Housewares & Kitchenware"
2268,"Other Longaberger Items"
979,"Movies & Television"
1633,"Pop Culture"
1132,"Ornaments"
2047,"Enesco"
129,"Decorative & Holiday"
1185,"Housewares & Kitchenware"
1015,"Figurines"
237,"Miniature Ornaments"
756,"Hallmark"
609,"Superhero"
2183,"Other Non-Sports"
394,"Other Enesco Items"
1007,"Collectibles"
1311,"Housewares & Kitchenware"
840,"Avon"
2058,"Decorative & Holiday"
758,"Collectibles"
557,"Decorative & Holiday"
1745,"Collectibles"
1546,"Decorative by Brand"
1045,"Decorative by Brand"
62,"Enesco"
513,"Dept 56"
1770,"Decorative by Brand"
2037,"Enesco"
904,"Decorative by Brand"
803,"Decorative & Holiday"
1827,"Comics"
1995,"Collectibles"
626,"Decorative by Brand"
2050,"Pop Culture"
749,"Housewares & Kitchenware"
2079,"Dickens Village"
1748,"Dept 56"
468,"Cherished Teddies"
1486,"Pop Culture"
1427,"Collectibles"
966,"Comics"
1266,"Decorative by Brand"
6,"Decorative by Brand"
1928,"Pop Culture"
1293,"Paper"
450,"Collectibles"
764,"Decorative by Brand"
2148,"Harbour Lights"
1214,"Science Fiction"
703,"Other Enesco Items"
575,"Collectibles"
1887,"Collectibles"
628,"Memories of Yesterday"
1644,"Decorative by Brand"
1550,"Decorative & Holiday"
1192,"Alternative, Underground"
377,"Decorative & Holiday"
1319,"Collectibles"
1744,"Figurines"
1327,"Bronze Age (1970-79)"
800,"Enesco"
1179,"Collectibles"
4,"Collectibles"
1923,"Decorative & Holiday"
2132,"Collectibles"
884,"Collectibles"
1838,"Collector Plates"
95,"Pop Culture"
200,"Collectibles"
695,"Decorative & Holiday"
2221,"Cookware"
130,"Decorative by Brand"
1304,"Other Avon Items"
1363,"Decorative & Holiday"
994,"Decorative & Holiday"
1569,"Collectibles"
284,"Decorative by Brand"
1990,"Collectibles"
1623,"Housewares & Kitchenware"
1413,"Mary's Moo Moos"
477,"Precious Moments"
2295,"Collectibles"
2281,"Inks"
1064,"Housewares & Kitchenware"
1801,"Decorative & Holiday"
93,"Other Kitchenware"
1394,"Ornaments"
1402,"Decorative by Brand"
1621,"Alfa Romeo"
1765,"Autographs, Paper & Writing"
1111,"Decorative & Holiday"
798,"Decorative & Holiday"
243,"Decorative & Holiday"
1125,"Comics"
1795,"Modern (1970-Now)"
633,"Snow Village"
134,"Decorative & Holiday"
762,"Collectibles"
293,"Paper"
472,"Books"
1120,"Decorative by Brand"
1148,"Accessories"
323,"Collectibles"
1012,"Collectibles"
161,"Magazines"
1740,"Collectibles"
262,"Modern Age (1980-Now)"
742,"Harmony Kingdom"
2206,"Science Fiction"
673,"Modern Age (1980-Now)"
2181,"Pop Culture"
446,"Collectibles"
1254,"Other Modern Age"
1184,"Collectibles"
1224,"Lladro"
1574,"Collectibles"
1432,"Collectibles"
571,"Collectibles"
47,"Housewares & Kitchenware"
769,"Decorative by Brand"
1883,"Collectibles"
1889,"Decorative by Brand"
135,"Decorative by Brand"
690,"Decorative & Holiday"
989,"Decorative & Holiday"
1996,"Housewares & Kitchenware"
11,"Decorative by Brand"
196,"Collectibles"
0,"Collectibles"
187,"Housewares & Kitchenware"
888,"Collectibles"
1441,"North Pole"
656,"Cherished Teddies"
1236,"Decorative & Holiday"
1324,"Collectibles"
1513,"Utensils"
646,"Figurines"
544,"Clothing: Big & Tall"
1108,"Limoges"
2128,"Collectibles"
1133,"Collectibles"
1493,"Hallmark"
1896,"Superhero"
1499,"Precious Moments"
1944,"HOMCO"
1639,"Decorative by Brand"
1430,"Table Linens"
1693,"Tea Kettles"
1170,"Cookie Cutters"
1541,"Decorative by Brand"
2178,"Housewares & Kitchenware"
1830,"Collectibles"
2027,"Enesco"
15,"Decorative & Holiday"
944,"Other Metalware"
862,"Franklin Mint"
501,"Pop Culture"
1308,"Longaberger"
1985,"Collectibles"
926,"Comics"
2284,"Comics"
1708,"Housewares & Kitchenware"
2277,"Superhero"
2131,"Pewter"
1491,"Decorative & Holiday"
203,"Collections"
887,"Harmony Kingdom"
434,"Decorative by Brand"
535,"Comics"
852,"Women"
231,"Hallmark"
1206,"Men"
209,"Collectibles"
598,"Housewares & Kitchenware"
2263,"Other Kitchenware"
1548,"Ornaments"
618,"Hallmark"
536,"Magazines"
2296,"Decorative & Holiday"
1284,"Bottles: Modern (1900-Now)"
1870,"Pop Culture"
1663,"Comics"
1307,"Decorative by Brand"
342,"Collector Plates"
1586,"Decorative by Brand"
842,"Collectibles"
866,"Decorative by Brand"
1124,"Pop Culture"
1123,"Collectibles"
1317,"Enesco"
1891,"Snow Village"
2173,"Decorative & Holiday"
1773,"Decorative & Holiday"
481,"Christopher Radko"
983,"Collectibles"
1181,"Decorative by Brand"
490,"Collectibles"
2056,"Other Barware"
294,"Ephemera"
741,"Decorative by Brand"
352,"Collectibles"
1473,"Paper"
1485,"Collectibles"
1423,"Decorative & Holiday"
629,"Collectibles"
2161,"Barware"
1387,"Autographs, Paper & Writing"
1913,"Decorative & Holiday"
296,"Decorative & Holiday"
2298,"Longaberger"
546,"T-Shirts, Tank Tops"
516,"Decorative & Holiday"
1909,"Comics"
1199,"Kitchenware"
2176,"Liners"
617,"Decorative by Brand"
1329,"Collectibles"
746,"Enesco"
793,"Decorative & Holiday"
2254,"Knowles Collector Plates"
1780,"Bronze Age (1970-79)"
260,"Pop Culture"
199,"Fruit Jars"
851,"Clothing & Accessories"
1728,"Decorative by Brand"
204,"Collectibles"
1424,"Decorative by Brand"
2321,"Paper"
540,"Comics"
564,"Limoges"
421,"Textiles"
847,"Collectibles"
1302,"Decorative by Brand"
1809,"Other Shakers"
34,"Paper"
1669,"Golden Age (1938-55)"
1658,"Comics"
836,"Other Avon Items"
286,"Bottles"
297,"Decorative by Brand"
193,"Decorative by Brand"
916,"Decorative & Holiday"
999,"Decorative & Holiday"
1354,"Housewares & Kitchenware"
180,"Antique (Pre-1930)"
602,"Housewares & Kitchenware"
9,"Collectibles"
1825,"Collectibles"
1680,"Superhero"
54,"Horror, Sci-Fi"
1490,"Collectibles"
236,"Hallmark"
1980,"Collectibles"
20,"Decorative & Holiday"
1496,"Decorative & Holiday"
1702,"Collectibles"
117,"Cookie Jars"
105,"Housewares & Kitchenware"
107,"Salt, Pepper Shakers"
2271,"Tableware"
33,"Autographs, Paper & Writing"
1459,"Barware"
2147,"Decorative by Brand"
2002,"Decorative by Brand"
1605,"Enesco"
745,"Decorative by Brand"
289,"Comics"
1781,"Superhero"
1551,"Decorative by Brand"
635,"Decorative & Holiday"
988,"Collectibles"
1612,"Collectibles"
704,"Collectibles"
2165,"Barware"
435,"Dept 56"
1403,"Dreamsicles"
1081,"Precious Moments"
424,"Decorative & Holiday"
1334,"Collectibles"
2033,"Collector Plates"
486,"Collectibles"
2107,"Collectibles"
347,"Collectibles"
2120,"Baskets"
1692,"Kitchenware"
1128,"Collectibles"
1211,"Collectibles"
1285,"Milk"
1638,"Decorative & Holiday"
2023,"Alternative, Underground"
439,"Decorative by Brand"
511,"Decorative & Holiday"
2045,"Decorative & Holiday"
156,"Paper"
967,"Bronze Age (1970-79)"
1445,"Enesco"
1278,"Decorative & Holiday"
1665,"Horror, Sci-Fi"
1195,"Kitchenware"
990,"Decorative by Brand"
923,"Pourers, Stoppers"
2151,"Comics"
1779,"Comics"
788,"Decorative & Holiday"
1976,"Collectibles"
1531,"Comics"
2116,"Collectibles"
1628,"Pop Culture"
593,"Ornaments"
500,"Collectibles"
1620,"European"
1879,"Pop Culture"
1202,"Housewares & Kitchenware"
1729,"Enesco"
750,"Kitchenware"
1718,"Decorative by Brand"
2196,"Bronze Age (1970-79)"
1859,"Housewares & Kitchenware"
1134,"Decorative & Holiday"
1698,"Collectibles"
624,"Collectibles"
1600,"Firefighting"
425,"Decorative by Brand"
1316,"Decorative by Brand"
1989,"Memories of Yesterday"
67,"Modern Age (1980-Now)"
717,"Ornaments"
2275,"Comics"
1114,"Collectibles"
1919,"Comics"
1501,"Decorative & Holiday"
708,"Collectibles"
524,"Collector Plates"
428,"Decorative & Holiday"
506,"Decorative & Holiday"
732,"Housewares & Kitchenware"
343,"Collectibles"
1450,"Enesco"
219,"Collectibles"
1875,"Decorative by Brand"
1556,"Kitchenware"
52,"Comics"
1352,"Heritage Village"
1865,"Clothing: Regular"
2201,"Silver Age (1956-69)"
1824,"Collector Plates"
2274,"Pop Culture"
1876,"Lenox"
5,"Decorative & Holiday"
146,"Decorative & Holiday"
1197,"Collectibles"
1173,"Decorative by Brand"
1617,"Collectibles"
302,"Comics"
496,"Pop Culture"
2127,"Other Memorabilia"
873,"Figurines"
1771,"Lefton Figurines"
613,"Enesco"
118,"Modern (1970-Now)"
19,"Collectibles"
1338,"Collectibles"
995,"Decorative by Brand"
832,"Collectibles"
1706,"Dickens Village"
612,"Decorative by Brand"
1526,"Comics"
1920,"Modern Age (1980-Now)"
1834,"Collectibles"
1259,"Other Avon Items"
1518,"Salt, Pepper Shakers"
1622,"Collectibles"
940,"Snowbunnies"
977,"Avon"
1563,"Modern (1970-Now)"
176,"Superhero"
1754,"Dinnerware, Serving"
1083,"Housewares & Kitchenware"
1734,"Enesco"
914,"Outwear"
2112,"Collectibles"
1714,"Decorative by Brand"
922,"Barware"
1474,"Ephemera"
1629,"Trading Cards"
1794,"Cookie Jars"
1694,"Collectibles"
1410,"Decorative & Holiday"
620,"Collectibles"
1561,"Kitchenware"
1036,"Comics"
1095,"Dickens Village"
80,"Art, Animation & Photo Images"
277,"Cartoon Character"
993,"Collectibles"
672,"Comics"
184,"Decorative by Brand"
495,"Collectibles"
136,"Knowles Collector Plates"
1823,"Danbury Mint"
569,"Dept 56"
1118,"Collectibles"
2191,"Bronze Age (1970-79)"
1177,"Comics"
18,"Other Enesco Items"
861,"Decorative by Brand"
429,"Decorative by Brand"
365,"Bed & Bath Linens"
174,"Comics"
1971,"Collectibles"
212,"Modern Age (1980-Now)"
272,"Cookie Cutters"
783,"Decorative & Holiday"
1591,"Decorative by Brand"
1700,"Kitchenware"
531,"Bronze Age (1970-79)"
188,"Kitchenware"
949,"Precious Moments"
1668,"Comics"
1866,"Shirts"
978,"Decanters"
1155,"Historical Memorabilia"
1129,"Decorative & Holiday"
1857,"Series Ornaments"
1343,"Collectibles"
1506,"Decorative & Holiday"
1000,"Decorative by Brand"
1616,"Other Modern Age"
1201,"Collectibles"
1977,"Housewares & Kitchenware"
1949,"Other Bronze Age"
14,"Collectibles"
214,"Collectibles"
837,"Collectibles"
1699,"Housewares & Kitchenware"
1369,"Cookie Jars"
2302,"Clothing: Regular"
338,"Collectibles"
2309,"Fruit Jars"
1480,"Collectibles"
1287,"Decorative & Holiday"
713,"Collectibles"
433,"Decorative & Holiday"
1002,"Figurines"
2048,"Other Enesco Items"
1203,"Barware"
1446,"Precious Moments"
2156,"Decorative by Brand"
157,"Ephemera"
10,"Decorative & Holiday"
2283,"Pop Culture"
82,"Contemporary (1940-Now)"
1650,"Other Avon Items"
30,"Decorative by Brand"
274,"Pop Culture"
859,"Collectibles"
1967,"Collectibles"
375,"Milk"
22,"Enesco"
1742,"Decorative by Brand"
1105,"Collectibles"
964,"Collectibles"
653,"Decorative & Holiday"
1851,"Decorative by Brand"
1246,"Pop Culture"
1221,"Collectibles"
1159,"Decorative & Holiday"
519,"Collector Plates"
2035,"Decorative & Holiday"
1631,"Other Sci-Fi"
615,"Collectibles"
91,"Housewares & Kitchenware"
881,"Decorative by Brand"
1925,"Limoges"
401,"Decorative & Holiday"
900,"Enesco"
718,"Collectibles"
883,"Snowbabies"
1227,"Housewares & Kitchenware"
131,"Hallmark"
1992,"Decorative by Brand"
1898,"Decorative & Holiday"
1929,"Comics"
903,"Decorative & Holiday"
1525,"Pop Culture"
588,"Quilts"
1265,"Decorative & Holiday"
1471,"Collectibles"
1280,"Dept 56"
170,"Decorative by Brand"
603,"Kitchenware"
959,"Dickens Village"
1313,"Pourers, Stoppers"
1056,"Danbury Mint"
579,"Precious Moments"
1522,"Bottles: Antique (Pre-1900)"
1571,"Decorative by Brand"
1593,"Collectibles"
356,"Collector Plates"
1032,"Paper"
1164,"Decorative by Brand"
1379,"Small Appliances"
28,"Collectibles"
228,"Collectibles"
367,"Collectibles"
725,"Decorative by Brand"
473,"Collectibles"
279,"Decorative & Holiday"
1721,"Collectibles"
1581,"Kitchenware"
778,"Decorative & Holiday"
1288,"Decorative by Brand"
2316,"Decorative & Holiday"
2299,"Candle Holders"
311,"Decorative by Brand"
373,"Housewares & Kitchenware"
1604,"Decorative by Brand"
1601,"Shirts"
1739,"Other Kitchenware"
896,"Fabric"
254,"Other Kitchenware"
1557,"Cookware"
29,"Decorative & Holiday"
1844,"Collectibles"
889,"Pop Culture"
2093,"Collectibles"
1042,"Dreamsicles"
1940,"Duncan Royale"
1710,"Utensils"
1205,"Clothing & Accessories"
1251,"Pop Culture"
37,"Decorative & Holiday"
886,"Decorative by Brand"
1785,"Cookie Jars"
1348,"Collectibles"
1580,"Housewares & Kitchenware"
723,"Collectibles"
2088,"Collectibles"
1401,"Decorative & Holiday"
476,"Enesco"
167,"Superhero"
565,"Trinket Boxes"
586,"Housewares & Kitchenware"
149,"Other Avon Items"
1903,"Decorative & Holiday"
1530,"Pop Culture"
892,"Heavy Metal"
1191,"Modern Age (1980-Now)"
1131,"Hallmark"
1165,"Thomas Kinkade"
969,"Collectibles"
1598,"Collectibles"
864,"Collectibles"
1208,"Outerwear"
24,"Collectibles"
2030,"Decorative & Holiday"
2219,"Housewares & Kitchenware"
1705,"Dept 56"
362,"Collectibles"
2319,"Collectibles"
165,"Comics"
574,"Christopher Radko"
1475,"Collectibles"
2155,"Decorative & Holiday"
1760,"Decorative & Holiday"
312,"Dept 56"
1479,"Other Silver Age"
2311,"Decorative & Holiday"
773,"Decorative & Holiday"
316,"Decorative by Brand"
1716,"Collectibles"
610,"Collectibles"
1239,"Other Lladro Collectibles"
1987,"Decorative by Brand"
1839,"Collectibles"
898,"Decorative & Holiday"
1871,"Trading Cards"
224,"Collectibles"
306,"Comics"
1444,"Decorative by Brand"
1905,"Hummel, Goebel"
471,"Magic"
1420,"Civil War (1861-65)"
2293,"Comics"
1930,"Silver Age (1956-69)"
283,"Decorative & Holiday"
2217,"Other Cigarettes"
1709,"Kitchenware"
729,"Decorative by Brand"
1160,"Decorative by Brand"
1226,"Collectibles"
1460,"Swizzle/Stir Sticks"
412,"Silver Age (1956-69)"
267,"Original Comic Art"
469,"Collectibles"
1722,"Housewares & Kitchenware"
1659,"Bronze Age (1970-79)"
457,"Decorative by Brand"
1641,"Other Fitz&Floyd Collectibles"
89,"Westerns"
1243,"Silver Age (1956-69)"
1110,"Collectibles"
1611,"Lucy & Me"
258,"Other Kitchenware"
1613,"Pop Culture"
1959,"Collectibles"
112,"Avon"
1161,"Cat's Meow Village"
1572,"Hallmark"
445,"Ephemera"
727,"Collectibles"
1461,"Collectibles"
1573,"Ornaments"
357,"Collectibles"
2286,"Superhero"
2020,"Pop Culture"
721,"Dept 56"
221,"Cars"
591,"Decorative by Brand"
1273,"Decorative & Holiday"
363,"Housewares & Kitchenware"
2292,"Pop Culture"
1353,"Collectibles"
53,"Silver Age (1956-69)"
1602,"Collectibles"
366,"Bedspreads"
856,"Housewares & Kitchenware"
521,"Decorative & Holiday"
761,"Shirts"
1057,"Collector Plates"
1096,"Collectibles"
681,"Memorabilia"
225,"Housewares & Kitchenware"
233,"Collectibles"
2231,"Silver Age (1956-69)"
1619,"Cars"
2102,"Collectibles"
1594,"Housewares & Kitchenware"
1758,"Milk"
160,"Comics"
1893,"Pop Culture"
2150,"Pop Culture"
1297,"Decorative by Brand"
36,"Collectibles"
321,"Decorative by Brand"
2025,"Decorative & Holiday"
1439,"Decorative by Brand"
1982,"Decorative by Brand"
1026,"Decorative & Holiday"
1712,"Collectibles"
974,"Collectibles"
1037,"Silver Age (1956-69)"
122,"Other Kitchenware"
551,"Dickens Village"
1643,"Decorative & Holiday"
1019,"Coasters"
482,"Collectibles"
2073,"Modern Age (1980-Now)"
1888,"Decorative & Holiday"
642,"Cookie Cutters"
871,"Decorative by Brand"
38,"Decorative by Brand"
1840,"Housewares & Kitchenware"
1014,"Comics"
1038,"Horror, Sci-Fi"
600,"Rugs"
943,"Metalware"
1356,"Mixing Bowls"
1419,"Militaria"
605,"Collectibles"
1853,"Collectibles"
1538,"Contemporary (1970-Now)"
1396,"Pop Culture"
1962,"Collectibles"
1466,"Collectibles"
530,"Comics"
1101,"Collectibles"
43,"Decorative by Brand"
2174,"Decorative by Brand"
1855,"Decorative by Brand"
2297,"Decorative by Brand"
2267,"Longaberger"
1607,"Collectibles"
731,"Collectibles"
2305,"Other Jackets"
716,"Hallmark"
1216,"Collectibles"
1357,"Collectibles"
144,"Mugs"
290,"Graphic Novels, TPBs"
485,"Figurines"
1814,"Ornaments"
855,"Collectibles"
169,"Decorative & Holiday"
768,"Decorative & Holiday"
322,"David Winter"
2083,"Other Barware"
1215,"Other Sci-Fi"
325,"Decorative by Brand"
1365,"Charming Tails"
1960,"Housewares & Kitchenware"
32,"Collectibles"
876,"Decorative by Brand"
660,"Other Tableware"
1527,"Bronze Age (1970-79)"
250,"Corkscrews"
1021,"Decorative & Holiday"
1380,"Blenders"
78,"Superhero"
1469,"Enesco"
448,"Decorative by Brand"
2017,"Accessories"
1609,"Decorative by Brand"
2276,"Golden Age (1938-55)"
478,"Collectibles"
550,"Dept 56"
467,"Enesco"
1993,"Dept 56"
1931,"Superhero"
483,"Pop Culture"
1733,"Decorative by Brand"
765,"Enesco"
239,"Autographs, Paper & Writing"
25,"Decorative & Holiday"
841,"Bottles"
265,"Pop Culture"
1241,"Pop Culture"
2097,"Collectibles"
1647,"Decorative & Holiday"
1926,"Collector Plates"
1707,"Collectibles"
601,"Collectibles"
1849,"Collectibles"
1769,"Decorative & Holiday"
1719,"Enesco"
1434,"Decorative by Brand"
